id,first_name,last_name,email,gender
1,Halsy,Lawtie,hlawtie0@jimdo.com,Male
2,Farr,Messitt,fmessitt1@cafepress.com,Male
3,Papagena,Pitkins,ppitkins2@berkeley.edu,Female
4,Myrvyn,Paulack,mpaulack3@friendfeed.com,Male
5,Sarina,Jeger,sjeger4@va.gov,Female
6,Graig,Dreus,gdreus5@storify.com,Male
7,Bill,Carrell,bcarrell6@walmart.com,Female
8,Elga,Arton,earton7@globo.com,Female
9,Nicoline,Buckhurst,nbuckhurst8@mtv.com,Female
10,Neal,Akester,nakester9@jalbum.net,Male
11,Leonhard,Sprowles,lsprowlesa@nps.gov,Male
12,Mufinella,Hill,mhillb@dot.gov,Female
13,Benedict,Mungan,bmunganc@slashdot.org,Male
14,Stearne,Gellion,sgelliond@yale.edu,Male
15,Marleah,Krook,mkrooke@wsj.com,Female
16,Windy,Gadsden,wgadsdenf@delicious.com,Female
17,Remy,O'Brogane,robroganeg@yolasite.com,Female
18,Nev,Philpott,nphilpotth@w3.org,Male
19,Shaine,Bucklan,sbucklani@technorati.com,Female
20,Skyler,Postins,spostinsj@jigsy.com,Male
21,Moise,Curror,mcurrork@hexun.com,Male
22,Ennis,Nias,eniasl@360.cn,Male
23,Hew,McIlvenna,hmcilvennam@blog.com,Male
24,Jerry,Burwin,jburwinn@census.gov,Female
25,Jo-ann,Sayes,jsayeso@xrea.com,Female
26,Packston,Fitchett,pfitchettp@bloglines.com,Male
27,Rachelle,Rizzolo,rrizzoloq@oracle.com,Female
28,Thatcher,Sampey,tsampeyr@hostgator.com,Male
29,Neda,Weth,nweths@sbwire.com,Female
30,Glynis,Keuntje,gkeuntjet@ifeng.com,Female
31,Bertrando,Cullerne,bcullerneu@macromedia.com,Male
32,Ernestine,Pedroni,epedroniv@un.org,Female
33,Arthur,Turbayne,aturbaynew@biglobe.ne.jp,Male
34,Alair,Burland,aburlandx@squidoo.com,Male
35,Benyamin,Biswell,bbiswelly@paypal.com,Male
36,Clarie,Payley,cpayleyz@meetup.com,Female
37,Celisse,Mallison,cmallison10@topsy.com,Female
38,Valida,Lepard,vlepard11@photobucket.com,Female
39,Jena,Finan,jfinan12@technorati.com,Female
40,Lonni,McKitterick,lmckitterick13@twitter.com,Female
41,Pincus,Meltetal,pmeltetal14@dmoz.org,Male
42,Suzi,Heberden,sheberden15@bloglovin.com,Female
43,Dalton,Brolechan,dbrolechan16@ustream.tv,Male
44,Johnnie,Jeary,jjeary17@paypal.com,Male
45,Moria,Yve,myve18@miibeian.gov.cn,Female
46,Johannes,Sealand,jsealand19@wikipedia.org,Male
47,Nils,Probart,nprobart1a@ebay.com,Male
48,Annemarie,Howman,ahowman1b@upenn.edu,Female
49,Elsa,Baitey,ebaitey1c@live.com,Female
50,Torrence,Minister,tminister1d@prweb.com,Male
51,Aile,Gillon,agillon1e@nps.gov,Female
52,Alexis,Scintsbury,ascintsbury1f@ezinearticles.com,Male
53,Gerome,Petrovsky,gpetrovsky1g@theatlantic.com,Male
54,Tabbie,Barwise,tbarwise1h@chronoengine.com,Male
55,Joshuah,MacAne,jmacane1i@adobe.com,Male
56,Dorry,Graith,dgraith1j@elpais.com,Female
57,Benoit,Cleall,bcleall1k@netscape.com,Male
58,Harcourt,Pie,hpie1l@google.co.jp,Male
59,Lannie,Van der Spohr,lvanderspohr1m@cbslocal.com,Male
60,Amye,Surgeoner,asurgeoner1n@cargocollective.com,Female
61,Cherlyn,Evennett,cevennett1o@odnoklassniki.ru,Female
62,Quinlan,Butting,qbutting1p@moonfruit.com,Male
63,Uta,Fireman,ufireman1q@independent.co.uk,Female
64,Latrena,Brooke,lbrooke1r@list-manage.com,Female
65,Agathe,Faircliffe,afaircliffe1s@npr.org,Female
66,Kelbee,Olech,kolech1t@sina.com.cn,Male
67,Tadeo,MacNeish,tmacneish1u@ucoz.ru,Male
68,Ricki,Elletson,relletson1v@squarespace.com,Female
69,Humbert,Mackleden,hmackleden1w@facebook.com,Male
70,Urson,Ert,uert1x@reuters.com,Male
71,Andrei,Attwoull,aattwoull1y@dmoz.org,Female
72,Izak,Sanchez,isanchez1z@yolasite.com,Male
73,Dillie,Stobbe,dstobbe20@cargocollective.com,Male
74,Karl,Hucquart,khucquart21@bloglines.com,Male
75,Chance,Bhatia,cbhatia22@scientificamerican.com,Male
76,Alys,Book,abook23@gizmodo.com,Female
77,Rodolfo,Sawfoot,rsawfoot24@ameblo.jp,Male
78,Doti,Secret,dsecret25@geocities.com,Female
79,Licha,Medgewick,lmedgewick26@chron.com,Female
80,Claire,Bricket,cbricket27@cmu.edu,Male
81,Darren,Chucks,dchucks28@seattletimes.com,Male
82,Loella,Hymas,lhymas29@ft.com,Female
83,Petronille,Founds,pfounds2a@independent.co.uk,Female
84,Theda,Showt,tshowt2b@adobe.com,Female
85,Klaus,Starling,kstarling2c@wordpress.com,Male
86,Jennifer,Beverage,jbeverage2d@cbsnews.com,Female
87,Darill,McTrustie,dmctrustie2e@example.com,Male
88,Pierce,Figge,pfigge2f@nih.gov,Male
89,Ailbert,Forryan,aforryan2g@theguardian.com,Male
90,Bridgette,Arpino,barpino2h@meetup.com,Female
91,Kevyn,Ewenson,kewenson2i@google.ca,Female
92,Olivier,De Castri,odecastri2j@google.it,Male
93,Dorree,Snooks,dsnooks2k@blogtalkradio.com,Female
94,Latisha,Fitzpayn,lfitzpayn2l@indiatimes.com,Female
95,Ignaz,Haensel,ihaensel2m@phpbb.com,Male
96,Angelina,Maly,amaly2n@google.com.hk,Female
97,Adelbert,Vallerine,avallerine2o@va.gov,Male
98,Reinaldos,Clemenza,rclemenza2p@linkedin.com,Male
99,Rubin,Tansly,rtansly2q@ebay.co.uk,Male
100,Emili,Lilburn,elilburn2r@twitter.com,Female
101,Carree,Cafferty,ccafferty2s@house.gov,Female
102,Corena,Hentzeler,chentzeler2t@t-online.de,Female
103,Brewer,Johannes,bjohannes2u@newyorker.com,Male
104,Moises,Visick,mvisick2v@narod.ru,Male
105,Arielle,Orridge,aorridge2w@hud.gov,Female
106,Amara,Banasevich,abanasevich2x@google.com.au,Female
107,Duky,Stonestreet,dstonestreet2y@printfriendly.com,Male
108,Francesco,Pointing,fpointing2z@timesonline.co.uk,Male
109,Annora,Sandy,asandy30@flickr.com,Female
110,Angelico,Hendricks,ahendricks31@spiegel.de,Male
111,Margarete,Vaisey,mvaisey32@google.com.au,Female
112,Gwenneth,Edmondson,gedmondson33@statcounter.com,Female
113,Briant,Yendle,byendle34@toplist.cz,Male
114,Robinetta,Babe,rbabe35@webeden.co.uk,Female
115,Deny,De Vries,ddevries36@toplist.cz,Female
116,Christalle,Ife,cife37@merriam-webster.com,Female
117,Luelle,Fearne,lfearne38@uiuc.edu,Female
118,Cacilie,Pencot,cpencot39@slate.com,Female
119,Lindsy,Macourek,lmacourek3a@senate.gov,Female
120,Boot,Bartol,bbartol3b@dot.gov,Male
121,Ingamar,Harmant,iharmant3c@google.ca,Male
122,Emmett,Nevins,enevins3d@youku.com,Male
123,Andie,Adey,aadey3e@ucla.edu,Female
124,Gonzalo,Adame,gadame3f@salon.com,Male
125,De,Moralee,dmoralee3g@symantec.com,Female
126,Jessie,Szanto,jszanto3h@discovery.com,Female
127,Yorker,Iddy,yiddy3i@irs.gov,Male
128,Petra,Clilverd,pclilverd3j@bravesites.com,Female
129,Muffin,Walkington,mwalkington3k@weather.com,Female
130,Osmond,Paolini,opaolini3l@symantec.com,Male
131,Stafani,Bandy,sbandy3m@va.gov,Female
132,Lurlene,Boorer,lboorer3n@ted.com,Female
133,Bartram,Gopsell,bgopsell3o@google.pl,Male
134,Hilarius,Gianuzzi,hgianuzzi3p@wikia.com,Male
135,Aluin,Topaz,atopaz3q@ox.ac.uk,Male
136,Hanna,Peach,hpeach3r@blogs.com,Female
137,Chanda,Osgordby,cosgordby3s@dmoz.org,Female
138,Ulysses,Mundle,umundle3t@imageshack.us,Male
139,Eolanda,Tough,etough3u@123-reg.co.uk,Female
140,Allistir,Brettle,abrettle3v@mapy.cz,Male
141,Jackqueline,Constantinou,jconstantinou3w@usda.gov,Female
142,Jacqueline,Pennicott,jpennicott3x@house.gov,Female
143,Trudie,Goddard,tgoddard3y@columbia.edu,Female
144,Sandy,Cristoferi,scristoferi3z@g.co,Male
145,Francesca,Claypool,fclaypool40@bluehost.com,Female
146,Cindie,Holworth,cholworth41@wp.com,Female
147,Sergent,Marcombe,smarcombe42@live.com,Male
148,Reggie,Fosdick,rfosdick43@wix.com,Female
149,Prince,Withringten,pwithringten44@craigslist.org,Male
150,Mortimer,Deards,mdeards45@mac.com,Male
151,Emilie,Bessell,ebessell46@cisco.com,Female
152,Wanda,Tuck,wtuck47@4shared.com,Female
153,Montgomery,Hatchell,mhatchell48@uol.com.br,Male
154,Harris,Bastard,hbastard49@goo.ne.jp,Male
155,Nike,Espinheira,nespinheira4a@usgs.gov,Female
156,Rodi,Girtin,rgirtin4b@google.it,Female
157,Hinze,Gobeau,hgobeau4c@icio.us,Male
158,Kleon,Foxen,kfoxen4d@gnu.org,Male
159,Jolee,Chattelaine,jchattelaine4e@si.edu,Female
160,Christoph,Haibel,chaibel4f@booking.com,Male
161,Nero,Echallier,nechallier4g@kickstarter.com,Male
162,Dorena,Ponte,dponte4h@sbwire.com,Female
163,Theresa,Whitehorne,twhitehorne4i@icq.com,Female
164,Desirae,Scanterbury,dscanterbury4j@ocn.ne.jp,Female
165,Cammy,Kelk,ckelk4k@ebay.co.uk,Male
166,Tailor,Scantleberry,tscantleberry4l@4shared.com,Male
167,Cristobal,Bissett,cbissett4m@dmoz.org,Male
168,Delcina,Hazael,dhazael4n@seattletimes.com,Female
169,Sondra,Worlock,sworlock4o@mozilla.org,Female
170,Luke,Danilenko,ldanilenko4p@whitehouse.gov,Male
171,Shelly,Calvie,scalvie4q@ustream.tv,Female
172,Fabien,Quirk,fquirk4r@unblog.fr,Male
173,Merwyn,Finkle,mfinkle4s@netscape.com,Male
174,Kingston,Trayton,ktrayton4t@home.pl,Male
175,Bobbie,La Rosa,blarosa4u@prlog.org,Male
176,Leigha,Febre,lfebre4v@barnesandnoble.com,Female
177,Ezekiel,Dudden,edudden4w@blogspot.com,Male
178,Consalve,Richardet,crichardet4x@angelfire.com,Male
179,Mayne,Isitt,misitt4y@sitemeter.com,Male
180,Cherrita,John,cjohn4z@uiuc.edu,Female
181,Rozamond,Barson,rbarson50@people.com.cn,Female
182,Javier,Tenney,jtenney51@phoca.cz,Male
183,Alva,Beentjes,abeentjes52@europa.eu,Male
184,Mikey,Froment,mfroment53@acquirethisname.com,Male
185,Hadleigh,Accomb,haccomb54@boston.com,Male
186,Emili,Grace,egrace55@barnesandnoble.com,Female
187,Lyssa,Arbuckle,larbuckle56@auda.org.au,Female
188,Zolly,Paulisch,zpaulisch57@free.fr,Male
189,Nick,Bebis,nbebis58@imgur.com,Male
190,Jo ann,Vizor,jvizor59@msn.com,Female
191,Georgette,McBean,gmcbean5a@addthis.com,Female
192,Humfried,Elloit,helloit5b@shutterfly.com,Male
193,Letitia,Thexton,lthexton5c@shareasale.com,Female
194,Chlo,Overnell,covernell5d@skyrock.com,Female
195,Bent,Torn,btorn5e@blogs.com,Male
196,Dorothy,Kiloh,dkiloh5f@japanpost.jp,Female
197,Alaster,Medmore,amedmore5g@shinystat.com,Male
198,Lawry,McDougal,lmcdougal5h@constantcontact.com,Male
199,Pooh,Pignon,ppignon5i@weibo.com,Male
200,Major,Kubyszek,mkubyszek5j@illinois.edu,Male
201,Tobias,McFade,tmcfade5k@bizjournals.com,Male
202,Constantino,McGeady,cmcgeady5l@ibm.com,Male
203,Benedicta,McFarlane,bmcfarlane5m@narod.ru,Female
204,Emelia,MattiCCI,ematticci5n@economist.com,Female
205,Katherina,Alsina,kalsina5o@163.com,Female
206,Mikaela,Grindrod,mgrindrod5p@ask.com,Female
207,Alisa,Ritch,aritch5q@si.edu,Female
208,Jessie,Carrigan,jcarrigan5r@nifty.com,Male
209,Fidel,Ingyon,fingyon5s@unesco.org,Male
210,Osgood,Winnister,owinnister5t@newsvine.com,Male
211,Lexi,Kane,lkane5u@si.edu,Female
212,Silva,Swaden,sswaden5v@cocolog-nifty.com,Female
213,Georgianne,Melley,gmelley5w@infoseek.co.jp,Female
214,Boone,Pennycuick,bpennycuick5x@dropbox.com,Male
215,Liana,Velareal,lvelareal5y@irs.gov,Female
216,Dinnie,Barok,dbarok5z@answers.com,Female
217,Prue,Monini,pmonini60@hostgator.com,Female
218,Elsey,Bostock,ebostock61@businesswire.com,Female
219,Larissa,Domeney,ldomeney62@xing.com,Female
220,Hildegaard,Portam,hportam63@nydailynews.com,Female
221,Nil,Minty,nminty64@squarespace.com,Male
222,Sky,Swainson,sswainson65@reuters.com,Male
223,Desmund,Cowern,dcowern66@webnode.com,Male
224,Ulick,Toopin,utoopin67@macromedia.com,Male
225,Brandi,Wix,bwix68@hibu.com,Female
226,Barnie,Trengrove,btrengrove69@washingtonpost.com,Male
227,Dorice,Mungan,dmungan6a@com.com,Female
228,Joela,Parysowna,jparysowna6b@tripod.com,Female
229,Rosanne,Bake,rbake6c@uiuc.edu,Female
230,Cindy,Inchan,cinchan6d@51.la,Female
231,Elna,Sevior,esevior6e@alibaba.com,Female
232,Osgood,Parradice,oparradice6f@baidu.com,Male
233,Derward,Warrell,dwarrell6g@wordpress.com,Male
234,Pooh,Channing,pchanning6h@zimbio.com,Male
235,Codi,Kenworth,ckenworth6i@w3.org,Female
236,Sarajane,Ledrun,sledrun6j@cnbc.com,Female
237,Dane,Didsbury,ddidsbury6k@telegraph.co.uk,Male
238,Aubert,Fredy,afredy6l@samsung.com,Male
239,Sari,Grayling,sgrayling6m@google.ru,Female
240,Jobyna,Woodyear,jwoodyear6n@hao123.com,Female
241,Gustavo,Spurnier,gspurnier6o@scribd.com,Male
242,Benita,Hadgkiss,bhadgkiss6p@jigsy.com,Female
243,Mychal,Shreve,mshreve6q@aboutads.info,Male
244,Dewie,Maryan,dmaryan6r@ftc.gov,Male
245,Tristam,Axup,taxup6s@harvard.edu,Male
246,Arlette,Gunney,agunney6t@eventbrite.com,Female
247,Reagen,Mantione,rmantione6u@yahoo.com,Male
248,Lotte,Challace,lchallace6v@artisteer.com,Female
249,Arly,Klugman,aklugman6w@mysql.com,Female
250,Remington,Doale,rdoale6x@addtoany.com,Male
251,Sile,Hamblyn,shamblyn6y@cisco.com,Female
252,Allin,Relph,arelph6z@bloglines.com,Male
253,Hoyt,Bingall,hbingall70@sciencedirect.com,Male
254,Tabb,Sheraton,tsheraton71@berkeley.edu,Male
255,Sonja,McMorran,smcmorran72@apple.com,Female
256,Estell,Ruberry,eruberry73@indiegogo.com,Female
257,Caitrin,Putman,cputman74@mayoclinic.com,Female
258,Blaire,Epp,bepp75@arizona.edu,Female
259,Andeee,Sutherel,asutherel76@umich.edu,Female
260,Hank,Waulker,hwaulker77@seattletimes.com,Male
261,Fan,Reddel,freddel78@dailymotion.com,Female
262,Gratiana,Nuttall,gnuttall79@marketwatch.com,Female
263,Nettie,Eltone,neltone7a@eventbrite.com,Female
264,Lil,Pentony,lpentony7b@europa.eu,Female
265,Nellie,McLoney,nmcloney7c@cdc.gov,Female
266,Mikael,Leal,mleal7d@google.pl,Male
267,Morissa,Drewett,mdrewett7e@devhub.com,Female
268,Grady,Brien,gbrien7f@soundcloud.com,Male
269,Blanch,Bemand,bbemand7g@etsy.com,Female
270,Taber,Merkle,tmerkle7h@friendfeed.com,Male
271,Randi,Slite,rslite7i@newyorker.com,Male
272,Suki,Paris,sparis7j@blogtalkradio.com,Female
273,Yvonne,Biggar,ybiggar7k@businessweek.com,Female
274,Christoffer,Baroch,cbaroch7l@odnoklassniki.ru,Male
275,Sandye,Sinclar,ssinclar7m@fastcompany.com,Female
276,Wilbert,Jeschner,wjeschner7n@zdnet.com,Male
277,Inger,Roke,iroke7o@admin.ch,Male
278,Mei,O'Moylan,momoylan7p@mapy.cz,Female
279,Sayer,Vaz,svaz7q@msn.com,Male
280,Peggie,Ruste,pruste7r@economist.com,Female
281,Keary,Kornyakov,kkornyakov7s@dailymotion.com,Male
282,Berna,Fairleigh,bfairleigh7t@cbsnews.com,Female
283,Theressa,Collomosse,tcollomosse7u@cloudflare.com,Female
284,Micky,Phizaclea,mphizaclea7v@icio.us,Female
285,Tera,Pashby,tpashby7w@marriott.com,Female
286,Granny,Worster,gworster7x@mit.edu,Male
287,Allayne,O'Sharkey,aosharkey7y@networksolutions.com,Male
288,Alejandrina,Paulillo,apaulillo7z@tiny.cc,Female
289,Josias,Keady,jkeady80@wikimedia.org,Male
290,Sissy,Whibley,swhibley81@discovery.com,Female
291,Arliene,Dale,adale82@fda.gov,Female
292,Simonette,Phinn,sphinn83@vk.com,Female
293,Jany,Krinks,jkrinks84@elegantthemes.com,Female
294,Correna,Cleaves,ccleaves85@ucoz.ru,Female
295,Dorey,Pietraszek,dpietraszek86@ca.gov,Male
296,Hestia,Traher,htraher87@sciencedaily.com,Female
297,Mimi,Foxley,mfoxley88@weebly.com,Female
298,Elonore,Parmenter,eparmenter89@ox.ac.uk,Female
299,Jodee,Wey,jwey8a@businessinsider.com,Female
300,Brook,Lody,blody8b@answers.com,Female
301,Katie,Jankin,kjankin8c@squidoo.com,Female
302,Zacherie,McDonnell,zmcdonnell8d@redcross.org,Male
303,Konstantine,Du Fray,kdufray8e@taobao.com,Male
304,Clim,Pogue,cpogue8f@webeden.co.uk,Male
305,Elijah,Rigg,erigg8g@studiopress.com,Male
306,Kennett,Anthona,kanthona8h@salon.com,Male
307,Zandra,Angric,zangric8i@omniture.com,Female
308,Georgine,Danelut,gdanelut8j@yolasite.com,Female
309,Faythe,Rutledge,frutledge8k@epa.gov,Female
310,Audra,Bushel,abushel8l@taobao.com,Female
311,Niels,Riepel,nriepel8m@vinaora.com,Male
312,Susannah,Petrashov,spetrashov8n@hibu.com,Female
313,Che,Baddeley,cbaddeley8o@mlb.com,Male
314,Cindra,McGilvra,cmcgilvra8p@blogtalkradio.com,Female
315,Lenci,Janus,ljanus8q@wikimedia.org,Male
316,Tatiana,Hillhouse,thillhouse8r@elpais.com,Female
317,Skip,Megainey,smegainey8s@about.com,Male
318,Clevie,Jendrach,cjendrach8t@blinklist.com,Male
319,Kirsten,Wayper,kwayper8u@microsoft.com,Female
320,Leeanne,McClancy,lmcclancy8v@booking.com,Female
321,Tina,Dutton,tdutton8w@shareasale.com,Female
322,Ulrika,Micheli,umicheli8x@aol.com,Female
323,Arin,Shimony,ashimony8y@nps.gov,Male
324,Claire,Longstreet,clongstreet8z@google.nl,Male
325,Ashla,Baukham,abaukham90@eepurl.com,Female
326,Manuel,Bugby,mbugby91@smh.com.au,Male
327,Patricio,Robertis,probertis92@irs.gov,Male
328,Jean,Extance,jextance93@trellian.com,Male
329,Stacie,Yearron,syearron94@fema.gov,Female
330,Trumaine,Devinn,tdevinn95@slideshare.net,Male
331,Hersh,Scherer,hscherer96@facebook.com,Male
332,Grove,Listone,glistone97@samsung.com,Male
333,Sibilla,Chalcot,schalcot98@hibu.com,Female
334,Sid,Baribal,sbaribal99@hostgator.com,Male
335,Merrile,Cashford,mcashford9a@epa.gov,Female
336,Nathanial,Nash,nnash9b@businesswire.com,Male
337,Beulah,Follitt,bfollitt9c@yahoo.com,Female
338,Peterus,Woollaston,pwoollaston9d@pcworld.com,Male
339,Arlen,Bridell,abridell9e@guardian.co.uk,Male
340,Abigale,Jordan,ajordan9f@liveinternet.ru,Female
341,Sabra,Massingham,smassingham9g@elpais.com,Female
342,Brittaney,Colyer,bcolyer9h@prnewswire.com,Female
343,Michelina,Tennock,mtennock9i@mysql.com,Female
344,Marlo,Worland,mworland9j@odnoklassniki.ru,Female
345,Stavros,Webland,swebland9k@discuz.net,Male
346,Sonni,McNally,smcnally9l@goodreads.com,Female
347,Etheline,Macallam,emacallam9m@reverbnation.com,Female
348,Kienan,Brosoli,kbrosoli9n@odnoklassniki.ru,Male
349,Killian,Sackes,ksackes9o@wisc.edu,Male
350,Stanfield,Kobsch,skobsch9p@homestead.com,Male
351,Davin,Poundsford,dpoundsford9q@bigcartel.com,Male
352,Odo,Heaselgrave,oheaselgrave9r@live.com,Male
353,Arman,Reeson,areeson9s@bandcamp.com,Male
354,Fenelia,Androck,fandrock9t@blogger.com,Female
355,Sargent,Maddie,smaddie9u@miibeian.gov.cn,Male
356,Othilia,Mundle,omundle9v@linkedin.com,Female
357,Franz,Cahalin,fcahalin9w@dmoz.org,Male
358,Karlis,Averay,kaveray9x@webmd.com,Male
359,Haleigh,China,hchina9y@wired.com,Male
360,Marve,Van Arsdall,mvanarsdall9z@skype.com,Male
361,Palmer,McNulty,pmcnultya0@tinypic.com,Male
362,Chevalier,Goodbarr,cgoodbarra1@elpais.com,Male
363,Justus,Pierri,jpierria2@mail.ru,Male
364,Winne,Union,wuniona3@1und1.de,Female
365,Reynold,Shearmer,rshearmera4@elegantthemes.com,Male
366,Caprice,Leverington,cleveringtona5@cbc.ca,Female
367,Jennifer,Parsley,jparsleya6@smugmug.com,Female
368,Orlando,Faccini,ofaccinia7@t.co,Male
369,Robinson,Dunwoody,rdunwoodya8@examiner.com,Male
370,Nollie,Webb,nwebba9@ucoz.ru,Female
371,Percy,Bignal,pbignalaa@rakuten.co.jp,Male
372,Gerald,Offield,goffieldab@com.com,Male
373,Phillipe,Careswell,pcareswellac@1688.com,Male
374,Finley,Jouannisson,fjouannissonad@ebay.com,Male
375,Hershel,Denington,hdeningtonae@ycombinator.com,Male
376,Rea,Lanston,rlanstonaf@bloglines.com,Female
377,Miles,Capnerhurst,mcapnerhurstag@unc.edu,Male
378,Troy,Nelane,tnelaneah@squarespace.com,Male
379,Mitchel,Abriani,mabrianiai@slashdot.org,Male
380,Zaccaria,Bayliss,zbaylissaj@senate.gov,Male
381,Stephen,Melonby,smelonbyak@devhub.com,Male
382,Bern,Gerbl,bgerblal@phoca.cz,Male
383,Ryun,Hilbourne,rhilbourneam@sun.com,Male
384,Joelle,Larder,jlarderan@gravatar.com,Female
385,Devonna,Gatsby,dgatsbyao@networksolutions.com,Female
386,Glenna,Falvey,gfalveyap@comsenz.com,Female
387,Cart,Aulton,caultonaq@reddit.com,Male
388,Gino,Kristoffersson,gkristofferssonar@blinklist.com,Male
389,Diana,Airs,dairsas@china.com.cn,Female
390,Paolo,Matthis,pmatthisat@usa.gov,Male
391,Vyky,Pauls,vpaulsau@e-recht24.de,Female
392,Thalia,Danslow,tdanslowav@mapquest.com,Female
393,Boony,Maly,bmalyaw@engadget.com,Male
394,Ethelda,Sansun,esansunax@bbb.org,Female
395,Emmy,Cutchee,ecutcheeay@google.it,Female
396,Roberto,Iredale,riredaleaz@addthis.com,Male
397,Brenn,Ruggiero,bruggierob0@buzzfeed.com,Female
398,Woodman,Munnion,wmunnionb1@squarespace.com,Male
399,Maressa,Cutforth,mcutforthb2@answers.com,Female
400,Annadiane,Witz,awitzb3@globo.com,Female
401,Bay,Hedgecock,bhedgecockb4@cbc.ca,Male
402,Kippar,Wathall,kwathallb5@shareasale.com,Male
403,Kandy,Sabater,ksabaterb6@nydailynews.com,Female
404,Shawn,Clint,sclintb7@simplemachines.org,Female
405,Purcell,O'Towey,potoweyb8@netvibes.com,Male
406,Clea,Baddoe,cbaddoeb9@nba.com,Female
407,Bondon,Avis,bavisba@g.co,Male
408,Kristoffer,Blennerhassett,kblennerhassettbb@wordpress.org,Male
409,Stephanus,Lenormand,slenormandbc@techcrunch.com,Male
410,Kennedy,Parncutt,kparncuttbd@people.com.cn,Male
411,Devi,McKeefry,dmckeefrybe@simplemachines.org,Female
412,Consolata,Jacomb,cjacombbf@jigsy.com,Female
413,Maxim,Januszkiewicz,mjanuszkiewiczbg@wiley.com,Male
414,Caritta,Kid,ckidbh@goo.ne.jp,Female
415,Bengt,De Vaar,bdevaarbi@miitbeian.gov.cn,Male
416,Gaspard,Pennyman,gpennymanbj@desdev.cn,Male
417,Gennifer,Hearns,ghearnsbk@1und1.de,Female
418,Stillman,Praundl,spraundlbl@walmart.com,Male
419,Kakalina,Fairburn,kfairburnbm@washington.edu,Female
420,Addy,Rayhill,arayhillbn@engadget.com,Female
421,Robina,Guiduzzi,rguiduzzibo@yellowbook.com,Female
422,Christin,Dadge,cdadgebp@cisco.com,Female
423,Barthel,Najara,bnajarabq@paginegialle.it,Male
424,Candra,DelaField,cdelafieldbr@bloglines.com,Female
425,Antons,Lomansey,alomanseybs@icq.com,Male
426,Cathleen,Hugnin,chugninbt@wiley.com,Female
427,Tibold,Shute,tshutebu@csmonitor.com,Male
428,Terza,Corcoran,tcorcoranbv@cargocollective.com,Female
429,Alfons,Woodwind,awoodwindbw@hibu.com,Male
430,Kathrine,Tewelson,ktewelsonbx@cbslocal.com,Female
431,Heddi,Mattioni,hmattioniby@wunderground.com,Female
432,Zorine,Morphew,zmorphewbz@netvibes.com,Female
433,Minne,Storrier,mstorrierc0@t-online.de,Female
434,Deonne,Talks,dtalksc1@wiley.com,Female
435,Teddie,Waszczyk,twaszczykc2@google.com.hk,Female
436,Nyssa,Clarricoates,nclarricoatesc3@samsung.com,Female
437,Brooks,Goodredge,bgoodredgec4@hubpages.com,Female
438,Viki,Esilmon,vesilmonc5@sciencedirect.com,Female
439,Harrie,MacDwyer,hmacdwyerc6@feedburner.com,Female
440,Alene,Goodanew,agoodanewc7@godaddy.com,Female
441,Tallie,Maric,tmaricc8@de.vu,Male
442,Cinderella,Arnoll,carnollc9@disqus.com,Female
443,Freda,Clendening,fclendeningca@ted.com,Female
444,Avigdor,Singh,asinghcb@virginia.edu,Male
445,Reggi,Kiln,rkilncc@lulu.com,Female
446,Shandeigh,Le Batteur,slebatteurcd@opera.com,Female
447,Sigrid,Booker,sbookerce@ow.ly,Female
448,Hastings,Locarno,hlocarnocf@buzzfeed.com,Male
449,Sigvard,Newbatt,snewbattcg@timesonline.co.uk,Male
450,Bradford,Churchin,bchurchinch@noaa.gov,Male
451,Derrick,Floweth,dflowethci@nytimes.com,Male
452,Gertie,McElree,gmcelreecj@netvibes.com,Female
453,Ellynn,Jerdan,ejerdanck@amazonaws.com,Female
454,Calley,Richel,crichelcl@themeforest.net,Female
455,Irvin,Tethacot,itethacotcm@nationalgeographic.com,Male
456,Yorker,Arnaudin,yarnaudincn@bloglovin.com,Male
457,Marla,Severn,msevernco@csmonitor.com,Female
458,Selestina,Cammell,scammellcp@harvard.edu,Female
459,Durant,Trevena,dtrevenacq@pagesperso-orange.fr,Male
460,Rodrique,Pietrusiak,rpietrusiakcr@quantcast.com,Male
461,Francisco,Batch,fbatchcs@forbes.com,Male
462,Clementia,Wartonby,cwartonbyct@wordpress.com,Female
463,Meredithe,de la Tremoille,mdelatremoillecu@mtv.com,Female
464,Kittie,Guttridge,kguttridgecv@adobe.com,Female
465,Dorene,Zylbermann,dzylbermanncw@cpanel.net,Female
466,Henrieta,Gaiter,hgaitercx@4shared.com,Female
467,Delcine,Spatarul,dspatarulcy@nba.com,Female
468,Alfred,Popplewell,apopplewellcz@domainmarket.com,Male
469,Archie,Christopher,achristopherd0@seesaa.net,Male
470,Nikki,Sarvar,nsarvard1@paypal.com,Female
471,Maisie,Errichiello,merrichiellod2@google.com,Female
472,Angel,Eatherton,aeathertond3@mit.edu,Female
473,Etta,Rushby,erushbyd4@mayoclinic.com,Female
474,Dorthy,Cumberlidge,dcumberlidged5@ehow.com,Female
475,Virginie,Nixon,vnixond6@washington.edu,Female
476,Irv,Sinott,isinottd7@dropbox.com,Male
477,Tiertza,Abramowsky,tabramowskyd8@ycombinator.com,Female
478,Donall,Gildea,dgildead9@networkadvertising.org,Male
479,Forrester,Berens,fberensda@mit.edu,Male
480,Ramsey,Breheny,rbrehenydb@geocities.com,Male
481,Leonidas,Showt,lshowtdc@wisc.edu,Male
482,Friedrich,Clubbe,fclubbedd@senate.gov,Male
483,Melina,Phippin,mphippinde@ovh.net,Female
484,Cooper,Van Weedenburg,cvanweedenburgdf@networkadvertising.org,Male
485,Letitia,Pendell,lpendelldg@mac.com,Female
486,Georgeta,Garron,ggarrondh@cbsnews.com,Female
487,Zechariah,Fusco,zfuscodi@noaa.gov,Male
488,Ricki,Duker,rdukerdj@sourceforge.net,Male
489,Viv,Trehearn,vtrehearndk@cbsnews.com,Female
490,Rand,Swatland,rswatlanddl@1688.com,Male
491,Rina,Iczokvitz,riczokvitzdm@cmu.edu,Female
492,Edith,Shenfish,eshenfishdn@seesaa.net,Female
493,Ruprecht,Gammon,rgammondo@networksolutions.com,Male
494,Shalna,Marquez,smarquezdp@delicious.com,Female
495,Clementine,Doddridge,cdoddridgedq@imdb.com,Female
496,Karole,Philipson,kphilipsondr@exblog.jp,Female
497,Nelly,Topp,ntoppds@ycombinator.com,Female
498,Barnie,Stetson,bstetsondt@joomla.org,Male
499,Sylvester,Hedon,shedondu@alibaba.com,Male
500,Alford,Anscott,aanscottdv@shop-pro.jp,Male
501,Ossie,Veschambre,oveschambredw@joomla.org,Male
502,Lars,Hawk,lhawkdx@multiply.com,Male
503,Vikki,Condit,vconditdy@jimdo.com,Female
504,Joane,Teaser,jteaserdz@ehow.com,Female
505,Hunt,McCurtain,hmccurtaine0@deviantart.com,Male
506,Tybalt,MacNeice,tmacneicee1@jigsy.com,Male
507,Bruce,Dehm,bdehme2@yandex.ru,Male
508,Mariejeanne,Guidi,mguidie3@ucoz.ru,Female
509,Dalenna,Ible,diblee4@hugedomains.com,Female
510,Janos,Snowsill,jsnowsille5@hibu.com,Male
511,Delcina,Goldston,dgoldstone6@skype.com,Female
512,Felita,Garrard,fgarrarde7@ibm.com,Female
513,Chandal,Ivetts,civettse8@hatena.ne.jp,Female
514,Stavros,Dike,sdikee9@xrea.com,Male
515,Skipp,Saffen,ssaffenea@cafepress.com,Male
516,Steffane,Trahmel,strahmeleb@nature.com,Female
517,Jonathan,Parton,jpartonec@g.co,Male
518,Burlie,Launder,blaundered@over-blog.com,Male
519,Doris,Petrov,dpetrovee@bloglines.com,Female
520,Ulysses,Colenutt,ucolenuttef@godaddy.com,Male
521,Dorelle,Farfalameev,dfarfalameeveg@google.de,Female
522,Misti,Butt,mbutteh@nba.com,Female
523,Gusty,Appleby,gapplebyei@walmart.com,Female
524,Carlye,Runnalls,crunnallsej@hostgator.com,Female
525,Gregory,Benting,gbentingek@bbc.co.uk,Male
526,Boothe,Ketcher,bketcherel@bluehost.com,Male
527,Donn,Kearey,dkeareyem@cdc.gov,Male
528,Jodie,Waggett,jwaggetten@smh.com.au,Male
529,Jacobo,Bewly,jbewlyeo@cafepress.com,Male
530,Caz,Defont,cdefontep@uol.com.br,Male
531,Pier,Tottman,ptottmaneq@upenn.edu,Female
532,Gearalt,Carrodus,gcarroduser@fotki.com,Male
533,Ivy,Lipson,ilipsones@blogspot.com,Female
534,Collen,Duker,cdukeret@goo.gl,Female
535,Micaela,Drust,mdrusteu@loc.gov,Female
536,Annora,Dufer,aduferev@narod.ru,Female
537,Minetta,Winterburn,mwinterburnew@google.es,Female
538,Faye,Olwen,folwenex@loc.gov,Female
539,Jerrilee,Buggs,jbuggsey@oakley.com,Female
540,Lindsay,Coombe,lcoombeez@google.com,Female
541,Clayborn,Seargeant,cseargeantf0@behance.net,Male
542,Ezra,Cursons,ecursonsf1@rambler.ru,Male
543,Ruddy,Rhule,rrhulef2@google.it,Male
544,Belvia,Chrichton,bchrichtonf3@wufoo.com,Female
545,Desiree,Lumbly,dlumblyf4@samsung.com,Female
546,Pia,Jerrolt,pjerroltf5@chicagotribune.com,Female
547,Avrom,Deguara,adeguaraf6@surveymonkey.com,Male
548,Alard,Mammatt,amammattf7@sourceforge.net,Male
549,Gifford,Baylie,gbaylief8@theglobeandmail.com,Male
550,Isiahi,Renak,irenakf9@jimdo.com,Male
551,Cassie,Dudin,cdudinfa@over-blog.com,Male
552,Billy,Orrobin,borrobinfb@chron.com,Female
553,Adler,Dunleavy,adunleavyfc@webeden.co.uk,Male
554,Bronnie,Roscow,broscowfd@studiopress.com,Male
555,Lorraine,Powlesland,lpowleslandfe@wiley.com,Female
556,Victoria,Jacobbe,vjacobbeff@newyorker.com,Female
557,Giulietta,Mantrip,gmantripfg@slashdot.org,Female
558,Meredith,Quesne,mquesnefh@geocities.com,Female
559,Stephen,Needham,sneedhamfi@imgur.com,Male
560,Lemmy,Biss,lbissfj@senate.gov,Male
561,Frans,Levene,flevenefk@ibm.com,Male
562,Fidel,Snuggs,fsnuggsfl@cocolog-nifty.com,Male
563,Mace,Hebbron,mhebbronfm@newsvine.com,Male
564,Roslyn,Mate,rmatefn@nps.gov,Female
565,Conney,Fruser,cfruserfo@disqus.com,Male
566,Bordy,Marusik,bmarusikfp@gravatar.com,Male
567,Percival,Birchenhead,pbirchenheadfq@live.com,Male
568,Gianna,Laudham,glaudhamfr@prweb.com,Female
569,Bobbie,Coat,bcoatfs@instagram.com,Male
570,Camellia,Smouten,csmoutenft@rediff.com,Female
571,Ophelie,Blaxeland,oblaxelandfu@narod.ru,Female
572,Clarita,Bonifacio,cbonifaciofv@is.gd,Female
573,Samaria,Gadaud,sgadaudfw@redcross.org,Female
574,Olivier,Cattanach,ocattanachfx@vistaprint.com,Male
575,Stefan,Stolberg,sstolbergfy@businesswire.com,Male
576,Lezlie,Yallop,lyallopfz@cpanel.net,Female
577,Mireille,Ivanichev,mivanichevg0@upenn.edu,Female
578,Irwinn,Hallum,ihallumg1@wisc.edu,Male
579,Meghann,Avo,mavog2@nifty.com,Female
580,Reginauld,Ayllett,rayllettg3@salon.com,Male
581,Rubina,Rangle,rrangleg4@themeforest.net,Female
582,Sibeal,Willgoss,swillgossg5@bluehost.com,Female
583,Rora,O'Currine,rocurrineg6@tripadvisor.com,Female
584,Wolfgang,Pickin,wpicking7@taobao.com,Male
585,Luther,Billows,lbillowsg8@eventbrite.com,Male
586,Keen,Sorrill,ksorrillg9@ucla.edu,Male
587,Linette,Cosham,lcoshamga@smugmug.com,Female
588,Findley,Haggie,fhaggiegb@deliciousdays.com,Male
589,Frieda,Vann,fvanngc@com.com,Female
590,Anthony,McEntagart,amcentagartgd@sciencedaily.com,Male
591,Ulrike,Vinten,uvintenge@mtv.com,Female
592,Gill,Coldbreath,gcoldbreathgf@ft.com,Male
593,Hamil,Sondon,hsondongg@hud.gov,Male
594,Waldo,Arrighini,warrighinigh@yellowpages.com,Male
595,Free,Tomini,ftominigi@wired.com,Male
596,Ariella,Scotchmor,ascotchmorgj@uol.com.br,Female
597,Morgan,Sibson,msibsongk@google.nl,Male
598,Opaline,Jeffrey,ojeffreygl@behance.net,Female
599,Pru,Binden,pbindengm@hhs.gov,Female
600,Darcee,Fielders,dfieldersgn@webs.com,Female
601,Anna,Wingfield,awingfieldgo@ftc.gov,Female
602,Tabby,Westmore,twestmoregp@instagram.com,Female
603,Darrell,Cassam,dcassamgq@furl.net,Male
604,Anthiathia,Messitt,amessittgr@reddit.com,Female
605,Gilda,Reedie,greediegs@ezinearticles.com,Female
606,Nance,Picker,npickergt@cargocollective.com,Female
607,Brennan,Harnell,bharnellgu@clickbank.net,Male
608,Hartley,Croix,hcroixgv@amazon.co.uk,Male
609,Hollyanne,Backson,hbacksongw@newsvine.com,Female
610,Kalvin,Leveridge,kleveridgegx@upenn.edu,Male
611,Mar,Aleso,malesogy@networksolutions.com,Male
612,Jordain,Besque,jbesquegz@pinterest.com,Female
613,Conn,Murrigans,cmurrigansh0@ow.ly,Male
614,Carolee,Frankland,cfranklandh1@nps.gov,Female
615,Alie,Bleyman,ableymanh2@blogger.com,Female
616,Adella,Acory,aacoryh3@jugem.jp,Female
617,Schuyler,Deaville,sdeavilleh4@gnu.org,Male
618,Giffie,Tweedie,gtweedieh5@opera.com,Male
619,Viviene,Koubek,vkoubekh6@aol.com,Female
620,Billy,Toffoletto,btoffolettoh7@uol.com.br,Male
621,Marcelo,Jandera,mjanderah8@usgs.gov,Male
622,Chery,Jayme,cjaymeh9@e-recht24.de,Female
623,Emmerich,Fuzzens,efuzzensha@chicagotribune.com,Male
624,Burt,Szwarc,bszwarchb@ameblo.jp,Male
625,Eddi,Harbor,eharborhc@engadget.com,Female
626,Marne,McWhinnie,mmcwhinniehd@google.de,Female
627,Ferris,Molnar,fmolnarhe@cam.ac.uk,Male
628,Warner,Shuxsmith,wshuxsmithhf@mit.edu,Male
629,Matteo,Toor,mtoorhg@buzzfeed.com,Male
630,Winn,Ortmann,wortmannhh@virginia.edu,Male
631,Dilan,Attwooll,dattwoollhi@webeden.co.uk,Male
632,Orelia,Bown,obownhj@adobe.com,Female
633,Tonya,Grasha,tgrashahk@vinaora.com,Female
634,Burnaby,Manueli,bmanuelihl@shutterfly.com,Male
635,Floria,Hardware,fhardwarehm@hibu.com,Female
636,Corette,Simcoe,csimcoehn@marketwatch.com,Female
637,Eleen,Greenhead,egreenheadho@patch.com,Female
638,Dani,Kinghorne,dkinghornehp@mashable.com,Male
639,Gregoire,Maybery,gmayberyhq@sogou.com,Male
640,Fanchon,Doggart,fdoggarthr@ycombinator.com,Female
641,Caryl,Lombardo,clombardohs@shop-pro.jp,Male
642,Mahmud,Spenclay,mspenclayht@tumblr.com,Male
643,Mateo,Youles,myouleshu@webs.com,Male
644,Alberto,Cuthill,acuthillhv@mtv.com,Male
645,Kathe,Clipsham,kclipshamhw@earthlink.net,Female
646,Filip,Herreran,fherreranhx@gov.uk,Male
647,Rosella,Cobbe,rcobbehy@apache.org,Female
648,Minetta,Ormonde,mormondehz@nymag.com,Female
649,Fanya,Goundry,fgoundryi0@addthis.com,Female
650,Yancy,Kubacek,ykubaceki1@shutterfly.com,Male
651,Rivi,Woofinden,rwoofindeni2@wsj.com,Female
652,Torey,Mandy,tmandyi3@blogger.com,Female
653,Ranique,Frost,rfrosti4@yelp.com,Female
654,Aleece,Moffat,amoffati5@mit.edu,Female
655,Sylvester,Driscoll,sdriscolli6@elegantthemes.com,Male
656,Cyndy,Fergyson,cfergysoni7@census.gov,Female
657,Simeon,Kinman,skinmani8@marketwatch.com,Male
658,Lisabeth,Orrah,lorrahi9@geocities.jp,Female
659,Chelsey,Agron,cagronia@mysql.com,Female
660,Millicent,Kelner,mkelnerib@cyberchimps.com,Female
661,Neil,Purvey,npurveyic@liveinternet.ru,Male
662,Engelbert,Piscotti,episcottiid@deliciousdays.com,Male
663,Effie,Littledyke,elittledykeie@xinhuanet.com,Female
664,Fransisco,Harold,fharoldif@blinklist.com,Male
665,Natka,Marciek,nmarciekig@foxnews.com,Female
666,Mill,Creswell,mcreswellih@pen.io,Male
667,Loreen,Dran,ldranii@gizmodo.com,Female
668,Emilia,Tregaskis,etregaskisij@networkadvertising.org,Female
669,Traver,Godridge,tgodridgeik@blinklist.com,Male
670,Talbert,Cosgreave,tcosgreaveil@marriott.com,Male
671,Aylmar,Aslum,aaslumim@exblog.jp,Male
672,Grantley,Goudard,ggoudardin@squarespace.com,Male
673,Sada,Crosthwaite,scrosthwaiteio@feedburner.com,Female
674,Kelly,Finneran,kfinneranip@a8.net,Male
675,Archibaldo,Ivashev,aivasheviq@artisteer.com,Male
676,Kittie,Long,klongir@dion.ne.jp,Female
677,Micheil,Gemlett,mgemlettis@cmu.edu,Male
678,Granger,Gallanders,ggallandersit@lycos.com,Male
679,Findlay,Sargint,fsargintiu@yandex.ru,Male
680,Demetre,Thomson,dthomsoniv@ox.ac.uk,Male
681,Neille,Chadbourne,nchadbourneiw@desdev.cn,Female
682,Godwin,Evenett,gevenettix@livejournal.com,Male
683,Felix,Oakland,foaklandiy@ehow.com,Male
684,Roderigo,Brandi,rbrandiiz@acquirethisname.com,Male
685,Wakefield,Seton,wsetonj0@hugedomains.com,Male
686,Jerrine,Warbrick,jwarbrickj1@sphinn.com,Female
687,Car,Gary,cgaryj2@skyrock.com,Male
688,Emilio,Eberts,eebertsj3@amazon.de,Male
689,Trix,Cains,tcainsj4@pcworld.com,Female
690,Fiorenze,Slocum,fslocumj5@cpanel.net,Female
691,Georgi,Clever,gcleverj6@slashdot.org,Male
692,Bradley,Tynan,btynanj7@digg.com,Male
693,Richart,Jone,rjonej8@bravesites.com,Male
694,Cindi,Kingswoode,ckingswoodej9@free.fr,Female
695,Maurise,Romi,mromija@e-recht24.de,Female
696,Hendrika,Frankel,hfrankeljb@qq.com,Female
697,Monti,Jakeway,mjakewayjc@youku.com,Male
698,Scot,Tocqueville,stocquevillejd@miibeian.gov.cn,Male
699,Hannie,Garnar,hgarnarje@taobao.com,Female
700,Dania,Nowak,dnowakjf@icq.com,Female
701,Ainslie,Wong,awongjg@surveymonkey.com,Female
702,Pryce,Mincini,pmincinijh@zimbio.com,Male
703,Ilka,Friary,ifriaryji@cpanel.net,Female
704,Gabriella,Laydon,glaydonjj@furl.net,Female
705,Aleen,Perfili,aperfilijk@army.mil,Female
706,Hinze,Ahrend,hahrendjl@smh.com.au,Male
707,Hobey,Ceschini,hceschinijm@symantec.com,Male
708,Sandi,Soughton,ssoughtonjn@amazon.de,Female
709,Lemmy,Antoniutti,lantoniuttijo@mysql.com,Male
710,Torrey,Christie,tchristiejp@goo.gl,Male
711,Simonette,Lobe,slobejq@soundcloud.com,Female
712,Osmund,Wheldon,owheldonjr@eepurl.com,Male
713,Hillel,Kofax,hkofaxjs@narod.ru,Male
714,Elizabet,Dumphreys,edumphreysjt@nature.com,Female
715,Kaylil,Stefanovic,kstefanovicju@icio.us,Female
716,Correy,Cometti,ccomettijv@flavors.me,Female
717,Tallulah,Antusch,tantuschjw@ucsd.edu,Female
718,Mannie,Rhodes,mrhodesjx@squidoo.com,Male
719,Val,Melland,vmellandjy@umn.edu,Female
720,Cissy,Fitzpatrick,cfitzpatrickjz@amazon.co.jp,Female
721,Nathanial,Billin,nbillink0@buzzfeed.com,Male
722,Ruben,Lillecrap,rlillecrapk1@com.com,Male
723,Anna,Colkett,acolkettk2@quantcast.com,Female
724,Mabel,Goodhall,mgoodhallk3@archive.org,Female
725,Randie,Bletso,rbletsok4@ezinearticles.com,Male
726,Tamma,Pershouse,tpershousek5@linkedin.com,Female
727,Elroy,Bartleet,ebartleetk6@dmoz.org,Male
728,Kim,Calderbank,kcalderbankk7@nifty.com,Male
729,Shawna,Shade,sshadek8@google.ru,Female
730,Quintus,Yakunchikov,qyakunchikovk9@gmpg.org,Male
731,Gerry,Bellison,gbellisonka@360.cn,Female
732,Dyanne,Martina,dmartinakb@hp.com,Female
733,Taber,Beeby,tbeebykc@sakura.ne.jp,Male
734,Reider,Skarr,rskarrkd@tinypic.com,Male
735,Anderson,Crate,acrateke@biblegateway.com,Male
736,Porter,Guirau,pguiraukf@comsenz.com,Male
737,Matti,Alliott,malliottkg@slate.com,Female
738,Helge,Hackley,hhackleykh@github.com,Female
739,Hyacinthie,Coward,hcowardki@apple.com,Female
740,Appolonia,Puxley,apuxleykj@google.pl,Female
741,Nady,Schwander,nschwanderkk@blogs.com,Female
742,Adora,Casey,acaseykl@yelp.com,Female
743,Lombard,Axcel,laxcelkm@ox.ac.uk,Male
744,Morse,Kneath,mkneathkn@quantcast.com,Male
745,Shandy,Manuel,smanuelko@thetimes.co.uk,Female
746,Michaeline,Kassel,mkasselkp@t-online.de,Female
747,Phaedra,Walton,pwaltonkq@techcrunch.com,Female
748,Roth,Pendall,rpendallkr@cornell.edu,Male
749,Brandy,Crippell,bcrippellks@vimeo.com,Male
750,Wolf,Van der Spohr,wvanderspohrkt@earthlink.net,Male
751,Standford,Pearmine,spearmineku@google.com,Male
752,Norby,Shemmin,nshemminkv@discuz.net,Male
753,Yetty,Crolla,ycrollakw@amazon.co.uk,Female
754,Perice,Pordall,ppordallkx@arstechnica.com,Male
755,Charin,Paradine,cparadineky@flickr.com,Female
756,Tedra,Sharpous,tsharpouskz@edublogs.org,Female
757,Delilah,Mews,dmewsl0@adobe.com,Female
758,Grete,Walthew,gwalthewl1@thetimes.co.uk,Female
759,Delores,Whiten,dwhitenl2@goo.gl,Female
760,Carmine,McLinden,cmclindenl3@sciencedirect.com,Female
761,Jan,Croshaw,jcroshawl4@addtoany.com,Female
762,Bibbie,Baldcock,bbaldcockl5@com.com,Female
763,Foss,Itzik,fitzikl6@privacy.gov.au,Male
764,Gloria,Winkless,gwinklessl7@wikipedia.org,Female
765,Tades,Strephan,tstrephanl8@spotify.com,Male
766,Ethelyn,Alster,ealsterl9@microsoft.com,Female
767,Stefan,Hardi,shardila@hugedomains.com,Male
768,Delphine,Mountfort,dmountfortlb@un.org,Female
769,Rois,Tutsell,rtutselllc@craigslist.org,Female
770,Langsdon,Manuel,lmanuelld@princeton.edu,Male
771,Gabbey,Aleksich,galeksichle@newyorker.com,Female
772,Izabel,Wattins,iwattinslf@sitemeter.com,Female
773,Manfred,Haresnape,mharesnapelg@nba.com,Male
774,Georgeanna,Philbrick,gphilbricklh@umich.edu,Female
775,Biron,Campes,bcampesli@va.gov,Male
776,Rollin,Jurca,rjurcalj@sakura.ne.jp,Male
777,Wallache,Ciani,wcianilk@usatoday.com,Male
778,Lorenzo,Eva,levall@naver.com,Male
779,Ferdinand,Cosely,fcoselylm@weibo.com,Male
780,Hugibert,O'Hagan,hohaganln@google.com,Male
781,Emelina,Harmson,eharmsonlo@pinterest.com,Female
782,Nicky,Cheater,ncheaterlp@com.com,Male
783,Allyson,Woolliams,awoolliamslq@umich.edu,Female
784,Doreen,Lillecrap,dlillecraplr@mysql.com,Female
785,Abbott,Rowledge,arowledgels@upenn.edu,Male
786,Zenia,Lidington,zlidingtonlt@jugem.jp,Female
787,Antonius,Axel,aaxellu@slate.com,Male
788,Florry,Daborn,fdabornlv@dyndns.org,Female
789,Arliene,Lestor,alestorlw@kickstarter.com,Female
790,Aubine,Cockram,acockramlx@nsw.gov.au,Female
791,Heidi,Beel,hbeelly@walmart.com,Female
792,Demetra,Duffin,dduffinlz@tiny.cc,Female
793,Sidnee,Wesley,swesleym0@discuz.net,Male
794,Ambur,Castiglioni,acastiglionim1@abc.net.au,Female
795,Rosmunda,Venediktov,rvenediktovm2@cpanel.net,Female
796,Gerri,Moyer,gmoyerm3@amazon.com,Female
797,Jeffie,Dragon,jdragonm4@dropbox.com,Male
798,Randene,Froggatt,rfroggattm5@java.com,Female
799,Waldemar,Vergine,wverginem6@myspace.com,Male
800,Sal,Iwanicki,siwanickim7@vimeo.com,Male
801,Benoite,Soffe,bsoffem8@behance.net,Female
802,Nora,Cancellieri,ncancellierim9@ycombinator.com,Female
803,Hilly,MacAvaddy,hmacavaddyma@foxnews.com,Male
804,Terence,Alonso,talonsomb@pen.io,Male
805,Linoel,Gyves,lgyvesmc@constantcontact.com,Male
806,Emilie,Maysor,emaysormd@washingtonpost.com,Female
807,Dewain,Kobiera,dkobierame@linkedin.com,Male
808,Margot,Constantine,mconstantinemf@mediafire.com,Female
809,Maximilian,Dagnan,mdagnanmg@blinklist.com,Male
810,Ruthie,Camilli,rcamillimh@usnews.com,Female
811,Liza,Pedwell,lpedwellmi@purevolume.com,Female
812,Cleve,Notman,cnotmanmj@howstuffworks.com,Male
813,Ashli,Huison,ahuisonmk@state.tx.us,Female
814,Blancha,Swansborough,bswansboroughml@fema.gov,Female
815,Gerrilee,Spraging,gspragingmm@php.net,Female
816,Maridel,Castell,mcastellmn@ask.com,Female
817,Kameko,Darracott,kdarracottmo@usda.gov,Female
818,Sven,Goodyer,sgoodyermp@1688.com,Male
819,Devin,Cruttenden,dcruttendenmq@last.fm,Female
820,Lilia,Heephy,lheephymr@princeton.edu,Female
821,Philippa,Barthrup,pbarthrupms@netvibes.com,Female
822,Diahann,Kop,dkopmt@discovery.com,Female
823,Hillel,Hoyle,hhoylemu@tinyurl.com,Male
824,Darci,Bligh,dblighmv@unblog.fr,Female
825,Moria,Milesop,mmilesopmw@fda.gov,Female
826,Iris,Dawber,idawbermx@businessweek.com,Female
827,Faythe,Imm,fimmmy@multiply.com,Female
828,Weylin,Dighton,wdightonmz@topsy.com,Male
829,Abramo,Senyard,asenyardn0@ox.ac.uk,Male
830,Phillip,Laverock,plaverockn1@ted.com,Male
831,Dannel,Menendes,dmenendesn2@apache.org,Male
832,Tyrus,Murty,tmurtyn3@yelp.com,Male
833,Wendel,Downing,wdowningn4@wikipedia.org,Male
834,Myra,Muat,mmuatn5@paginegialle.it,Female
835,Sammy,Joll,sjolln6@webs.com,Female
836,Alexia,MacAllaster,amacallastern7@cnbc.com,Female
837,Percival,Payfoot,ppayfootn8@wiley.com,Male
838,Raddy,Floyed,rfloyedn9@php.net,Male
839,Tess,Urlin,turlinna@ask.com,Female
840,Carlyle,Gawler,cgawlernb@t-online.de,Male
841,Derwin,Karpf,dkarpfnc@constantcontact.com,Male
842,Mendy,O' Ronan,moronannd@slideshare.net,Male
843,Frazer,Chalder,fchalderne@tumblr.com,Male
844,Shanan,Poytheras,spoytherasnf@netvibes.com,Male
845,Giles,Bonnor,gbonnorng@rakuten.co.jp,Male
846,Cate,Jakubovicz,cjakubovicznh@dion.ne.jp,Female
847,Hedi,Chastel,hchastelni@archive.org,Female
848,Shirleen,Mayling,smaylingnj@shinystat.com,Female
849,West,Laidlow,wlaidlownk@huffingtonpost.com,Male
850,Kariotta,Caudray,kcaudraynl@gov.uk,Female
851,Van,Cakes,vcakesnm@bandcamp.com,Female
852,Jeanna,Dalgarnowch,jdalgarnowchnn@purevolume.com,Female
853,Danell,Slimme,dslimmeno@economist.com,Female
854,Theodore,Renzullo,trenzullonp@auda.org.au,Male
855,Dietrich,McInility,dmcinilitynq@e-recht24.de,Male
856,Amabel,Dudin,adudinnr@businessweek.com,Female
857,Jules,Gagg,jgaggns@123-reg.co.uk,Male
858,Rolando,Mountfort,rmountfortnt@wunderground.com,Male
859,Ingmar,Whitebrook,iwhitebrooknu@xinhuanet.com,Male
860,Wendell,Sweett,wsweettnv@digg.com,Male
861,Rosetta,Frantsev,rfrantsevnw@alexa.com,Female
862,Malinda,Ayre,mayrenx@squidoo.com,Female
863,Emmeline,Badsey,ebadseyny@hugedomains.com,Female
864,Jonas,Lukas,jlukasnz@independent.co.uk,Male
865,Eartha,Lethbrig,elethbrigo0@nytimes.com,Female
866,Adan,Summerill,asummerillo1@webnode.com,Female
867,Wenda,Brigden,wbrigdeno2@cmu.edu,Female
868,Kaleena,Marikhin,kmarikhino3@issuu.com,Female
869,Jeth,Fearnall,jfearnallo4@miibeian.gov.cn,Male
870,Miller,Wylie,mwylieo5@cloudflare.com,Male
871,Geneva,Antonin,gantonino6@youtube.com,Female
872,Willetta,Loudwell,wloudwello7@bing.com,Female
873,Elbert,Thornham,ethornhamo8@arizona.edu,Male
874,Thomasine,Mordaunt,tmordaunto9@weebly.com,Female
875,Bern,Easun,beasunoa@goodreads.com,Male
876,Doug,Wanden,dwandenob@apache.org,Male
877,Cilka,D'Alesco,cdalescooc@go.com,Female
878,Lula,Syer,lsyerod@cloudflare.com,Female
879,Jeremias,Mapletoft,jmapletoftoe@state.tx.us,Male
880,Rochella,Gronow,rgronowof@etsy.com,Female
881,Griz,Ayliff,gayliffog@rambler.ru,Male
882,Terra,Fakes,tfakesoh@google.de,Female
883,Tudor,Mattack,tmattackoi@comcast.net,Male
884,Chris,Liddon,cliddonoj@topsy.com,Male
885,Wenona,Postans,wpostansok@pagesperso-orange.fr,Female
886,Osgood,Iacobini,oiacobiniol@free.fr,Male
887,Christabella,Perrington,cperringtonom@sun.com,Female
888,Vincent,Shailer,vshaileron@addtoany.com,Male
889,Misha,Ranyard,mranyardoo@ehow.com,Female
890,Rhiamon,Iorizzi,riorizziop@usa.gov,Female
891,Claudius,Jado,cjadooq@businessweek.com,Male
892,Lawry,Born,lbornor@hhs.gov,Male
893,Hobey,Lindberg,hlindbergos@ox.ac.uk,Male
894,Kissie,Daleman,kdalemanot@sitemeter.com,Female
895,Octavia,O' Connell,ooconnellou@yelp.com,Female
896,Sollie,Caulder,scaulderov@mozilla.com,Male
897,Gard,Crocroft,gcrocroftow@washingtonpost.com,Male
898,Orson,Henrique,ohenriqueox@wp.com,Male
899,Linette,Chapelhow,lchapelhowoy@wp.com,Female
900,Adi,Olerenshaw,aolerenshawoz@tinyurl.com,Female
901,Ricardo,McKean,rmckeanp0@123-reg.co.uk,Male
902,Joelly,Greally,jgreallyp1@mozilla.org,Female
903,Orin,Baumer,obaumerp2@reddit.com,Male
904,Darell,Grundon,dgrundonp3@newsvine.com,Female
905,Eolanda,Lillie,elilliep4@de.vu,Female
906,Laina,Lemasney,llemasneyp5@howstuffworks.com,Female
907,Lucian,Sallan,lsallanp6@paginegialle.it,Male
908,Jermaine,Hydes,jhydesp7@elpais.com,Female
909,Bess,Snewin,bsnewinp8@twitpic.com,Female
910,Ritchie,Rehn,rrehnp9@mayoclinic.com,Male
911,Kimble,Luggar,kluggarpa@harvard.edu,Male
912,Bobbye,Reynoollds,breynoolldspb@cisco.com,Female
913,Julissa,Dabbes,jdabbespc@merriam-webster.com,Female
914,Harrie,Pollington,hpollingtonpd@meetup.com,Female
915,Alicea,Rulf,arulfpe@yellowbook.com,Female
916,Goldina,Mariolle,gmariollepf@statcounter.com,Female
917,Cristie,Drysdell,cdrysdellpg@ed.gov,Female
918,Emalia,Edmett,eedmettph@thetimes.co.uk,Female
919,Chad,Ziemke,cziemkepi@posterous.com,Female
920,Karlik,Fendt,kfendtpj@about.com,Male
921,Lavinie,Hurworth,lhurworthpk@furl.net,Female
922,Brade,Bloyes,bbloyespl@posterous.com,Male
923,Sigmund,D'Arrigo,sdarrigopm@artisteer.com,Male
924,Georgy,Peartree,gpeartreepn@oracle.com,Male
925,Rozelle,Langlais,rlanglaispo@kickstarter.com,Female
926,Zonda,Prandy,zprandypp@sakura.ne.jp,Female
927,Pavia,Cammack,pcammackpq@cnbc.com,Female
928,Land,Houldcroft,lhouldcroftpr@google.ca,Male
929,Joachim,Willerton,jwillertonps@si.edu,Male
930,Ignaz,Hambribe,ihambribept@smh.com.au,Male
931,Ingrim,Tremonte,itremontepu@spiegel.de,Male
932,Gabbey,Richards,grichardspv@wikispaces.com,Female
933,Francesco,Pettyfar,fpettyfarpw@mysql.com,Male
934,Jermaine,Goundrill,jgoundrillpx@simplemachines.org,Male
935,Aubert,O' Brian,aobrianpy@buzzfeed.com,Male
936,Maryl,Grise,mgrisepz@earthlink.net,Female
937,Sibyl,Dobey,sdobeyq0@springer.com,Male
938,Marcille,Lunbech,mlunbechq1@nyu.edu,Female
939,Bonita,Kirkwood,bkirkwoodq2@mit.edu,Female
940,Pet,Muxworthy,pmuxworthyq3@devhub.com,Female
941,Adolpho,Wegener,awegenerq4@cam.ac.uk,Male
942,Gregor,Do,gdoq5@xrea.com,Male
943,Lee,Tour,ltourq6@wikia.com,Male
944,Malina,Kiffe,mkiffeq7@statcounter.com,Female
945,Debra,Andreu,dandreuq8@apple.com,Female
946,Thaddus,Simonassi,tsimonassiq9@independent.co.uk,Male
947,Isidore,Tumini,ituminiqa@techcrunch.com,Male
948,Rebekah,Franc,rfrancqb@jiathis.com,Female
949,Quintin,Keemar,qkeemarqc@nationalgeographic.com,Male
950,Craggy,Keppe,ckeppeqd@businessinsider.com,Male
951,Dolley,Fransemai,dfransemaiqe@ucla.edu,Female
952,Wade,Ravens,wravensqf@booking.com,Male
953,Job,Grenville,jgrenvilleqg@opera.com,Male
954,Lydia,Sollam,lsollamqh@newsvine.com,Female
955,Ewart,Hollows,ehollowsqi@archive.org,Male
956,Deedee,Lackney,dlackneyqj@webnode.com,Female
957,Kandy,Purkiss,kpurkissqk@hugedomains.com,Female
958,Simon,Flahy,sflahyql@phpbb.com,Male
959,Joline,Ewer,jewerqm@epa.gov,Female
960,Casey,Peltzer,cpeltzerqn@pen.io,Male
961,Adrea,Lapham,alaphamqo@cam.ac.uk,Female
962,Perry,Rawe,praweqp@nydailynews.com,Male
963,Gillie,Cliffe,gcliffeqq@nydailynews.com,Female
964,Vic,Drakard,vdrakardqr@pbs.org,Male
965,Courtney,Braganca,cbragancaqs@techcrunch.com,Male
966,Jude,Belward,jbelwardqt@icq.com,Male
967,Kalle,Tuff,ktuffqu@com.com,Male
968,Aldo,Waslin,awaslinqv@comsenz.com,Male
969,Olvan,Wilmut,owilmutqw@w3.org,Male
970,Darrell,Stittle,dstittleqx@paginegialle.it,Male
971,Giulio,Guymer,gguymerqy@facebook.com,Male
972,Bradly,Colthard,bcolthardqz@dot.gov,Male
973,Brigitta,Ianniello,bianniellor0@aboutads.info,Female
974,Orton,Perryman,operrymanr1@dedecms.com,Male
975,Glen,Nottingham,gnottinghamr2@reuters.com,Male
976,Mandi,Ioselev,mioselevr3@mac.com,Female
977,Tiler,Jakoubek,tjakoubekr4@cdc.gov,Male
978,Blakeley,Wrought,bwroughtr5@booking.com,Female
979,Jami,Elsdon,jelsdonr6@mapquest.com,Female
980,Ezri,Simmonite,esimmoniter7@rediff.com,Male
981,Sabine,Beales,sbealesr8@ox.ac.uk,Female
982,Cassius,Fontel,cfontelr9@blogtalkradio.com,Male
983,Kellyann,Ambrois,kambroisra@accuweather.com,Female
984,Claiborn,Andrews,candrewsrb@va.gov,Male
985,Ara,Silverman,asilvermanrc@cnbc.com,Male
986,Isaiah,Neilands,ineilandsrd@hexun.com,Male
987,Dorelia,Kubyszek,dkubyszekre@spotify.com,Female
988,Kerwin,Lerwell,klerwellrf@kickstarter.com,Male
989,Parrnell,Galland,pgallandrg@time.com,Male
990,Arabela,Beazer,abeazerrh@bbb.org,Female
991,Eloisa,Petch,epetchri@amazon.co.jp,Female
992,Loy,Clausson,lclaussonrj@dell.com,Male
993,Elaine,Martinet,emartinetrk@nbcnews.com,Female
994,Josefina,Battison,jbattisonrl@go.com,Female
995,Cob,Raraty,craratyrm@reference.com,Male
996,Rosemarie,Hamby,rhambyrn@hibu.com,Female
997,Orella,Margrett,omargrettro@meetup.com,Female
998,Rupert,Kubiak,rkubiakrp@bandcamp.com,Male
999,Christiane,Terzza,cterzzarq@wisc.edu,Female
1000,Spencer,Kimmel,skimmelrr@chron.com,Male
